rmse,r_square
0.09063242375850677,0.7753587961196899
